{"pole_angles": 0.0, "episode_reward": 0.7825842696629213, "episode_lengths": 3.1741573033707864, "training_iteration_time_ms": 0.0, "grad_wait_time_ms": 0.0, "apply_grad_time_ms": 2.057, "apply_grad_throughput": 4860.594, "synch_weights_time_ms": 2.629, "num_env_steps_sampled": 19240, "num_env_steps_trained": 19240, "num_agent_steps_sampled": 19240, "num_agent_steps_trained": 19240, "_timestamp": 1667727508.1691988, "_runtime": 155.4860486984253, "_step": 29, "allreduce_latency": 0.0, "grad_gnorm": 0.8666272759437561, "cur_lr": 0.001, "entropy_coeff": 0.01, "policy_entropy": 5.235799312591553, "policy_loss": 0.17087048292160034, "vf_loss": 0.018870459869503975, "total_loss": 0.12794773280620575, "_wandb": {"runtime": 154}}