{"pole_angles": 0.0, "episode_reward": 0.665, "episode_lengths": 4.35, "training_iteration_time_ms": 1.45, "grad_wait_time_ms": 0.427, "apply_grad_time_ms": 3.431, "apply_grad_throughput": 2914.533, "synch_weights_time_ms": 1.324, "num_env_steps_sampled": 6470, "num_env_steps_trained": 6470, "num_agent_steps_sampled": 6470, "num_agent_steps_trained": 6470, "_timestamp": 1667728042.71866, "_runtime": 57.74291515350342, "_step": 10, "allreduce_latency": 0.0, "grad_gnorm": 0.33915895223617554, "cur_lr": 0.001, "entropy_coeff": 0.01, "policy_entropy": 8.049270629882812, "policy_loss": -0.03131590783596039, "vf_loss": 0.1454317420721054, "total_loss": -0.039092741906642914, "_wandb": {"runtime": 62}}